Adaptability,Sensitivity,Precision,Is parent circuit,Circuit idx,Species,Step,Params energy,Params equilibrium constants,Params rates
788.2739868164062,0.5005593299865723,1.997765302658081,True,9,RNA_2,9,"[-9.293237686157227, -4.805362224578857, -19.964067459106445, -0.5567825436592102, -17.409286499023438, -18.79530906677246]","[0.002840636298060417, 7.837326847948134e-05, 14.48243522644043, 2.618545750010526e-06, 1.875943660736084, 5.685561180114746]","[0.5314235091209412, 19.26142692565918, 0.00010423530329717323, 576.4959106445312, 0.0008047048468142748, 0.0002655113348737359]"
787.8414306640625,0.48392224311828613,2.0664477348327637,False,9,RNA_2,9,"[-11.661884307861328, -4.535679817199707, -19.019819259643555, -0.5471161007881165, -19.964067459106445, -17.55126190185547]","[0.018895907327532768, 6.316415965557098e-05, 6.804187297821045, 2.598374976514606e-06, 14.48243522644043, 2.1015853881835938]","[0.07988931238651276, 23.899328231811523, 0.0002218605950474739, 580.97119140625, 0.00010423530329717323, 0.0007183058187365532]"
787.826416015625,0.48335540294647217,2.068871021270752,True,8,RNA_2,8,"[-11.975210189819336, -4.619874477386475, -19.41371726989746, -0.5531947612762451, -19.964067459106445, -19.964067459106445]","[0.024278858676552773, 6.756517541361973e-05, 9.324604034423828, 2.611041281852522e-06, 14.48243522644043, 14.48243522644043]","[0.062176767736673355, 22.34259033203125, 0.00016189223970286548, 578.1528930664062, 0.00010423530329717323, 0.00010423530329717323]"
787.815673828125,0.48295092582702637,2.070603609085083,False,9,RNA_2,9,"[-11.163260459899902, -5.219462871551514, -14.823976516723633, -0.5543196201324463, -17.273059844970703, -18.44365692138672]","[0.012680258601903915, 0.0001091544036171399, 0.2371324896812439, 2.613390279293526e-06, 1.6822474002838135, 4.291379928588867]","[0.11904969811439514, 13.829776763916016, 0.0063659814186394215, 577.6331787109375, 0.0008973596850410104, 0.0003517705190461129]"
787.8050537109375,0.4825485050678253,2.0723304748535156,False,9,RNA_2,9,"[-12.019525527954102, -4.974635601043701, -19.964067459106445, -0.5330662727355957, -18.355709075927734, -17.731462478637695]","[0.025155043229460716, 8.973863441497087e-05, 14.48243522644043, 2.5693318548292154e-06, 3.9998226165771484, 2.4274778366088867]","[0.06001106649637222, 16.82197380065918, 0.00010423530329717323, 587.538330078125, 0.0003774119832087308, 0.0006218721973709762]"
787.8033447265625,0.4824845790863037,2.0726051330566406,False,8,RNA_2,8,"[-12.550859451293945, -4.117717266082764, -17.609989166259766, -0.672950267791748, -19.964067459106445, -19.964067459106445]","[0.03847949206829071, 4.521220034803264e-05, 2.2026779651641846, 2.873566018024576e-06, 14.48243522644043, 14.48243522644043]","[0.039230793714523315, 33.388797760009766, 0.0006853389204479754, 525.3336791992188, 0.00010423530329717323, 0.00010423530329717323]"
787.7940063476562,0.48213502764701843,2.0741076469421387,False,8,RNA_2,8,"[-13.001486778259277, -3.921966552734375, -18.646326065063477, -0.6059252023696899, -19.964067459106445, -19.964067459106445]","[0.055181488394737244, 3.865849066642113e-05, 5.046744346618652, 2.723542593230377e-06, 14.48243522644043, 14.48243522644043]","[0.02735665626823902, 39.04914474487305, 0.0002991197688970715, 554.2711181640625, 0.00010423530329717323, 0.00010423530329717323]"
787.790771484375,0.4820117652416229,2.0746381282806396,False,9,RNA_2,9,"[-11.818270683288574, -5.143342971801758, -15.624539375305176, -0.5166898965835571, -17.68855857849121, -19.964067459106445]","[0.02141420543193817, 0.00010270569327985868, 0.44991976022720337, 2.5358910988870775e-06, 2.3455727100372314, 14.48243522644043]","[0.07049437612295151, 14.698123931884766, 0.0033552227541804314, 595.2861938476562, 0.000643587380181998, 0.00010423530329717323]"
787.7791137695312,0.481575071811676,2.07651948928833,False,9,RNA_2,9,"[-13.389936447143555, -4.327942848205566, -19.731964111328125, -0.5585232377052307, -19.964067459106445, -19.429840087890625]","[0.07529298961162567, 5.34928149136249e-05, 12.028203010559082, 2.622194642754039e-06, 14.48243522644043, 9.44565486907959]","[0.02004942297935486, 28.220256805419922, 0.00012550345854833722, 575.6937255859375, 0.00010423530329717323, 0.00015981750038918108]"
787.77294921875,0.48134446144104004,2.077514410018921,False,9,RNA_2,9,"[-12.400039672851562, -4.904868125915527, -19.43046760559082, -0.5823483467102051, -19.964067459106445, -16.311161041259766]","[0.034105878323316574, 8.486718434141949e-05, 9.450395584106445, 2.6726518171926728e-06, 14.48243522644043, 0.7792770266532898]","[0.04426160827279091, 17.78757095336914, 0.000159737333888188, 564.8251342773438, 0.00010423530329717323, 0.0019371557282283902]"
787.76806640625,0.48115938901901245,2.0783133506774902,False,8,RNA_2,8,"[-13.636650085449219, -4.6760993003845215, -19.964067459106445, -0.43732553720474243, -19.964067459106445, -19.964067459106445]","[0.09172160923480988, 7.067364640533924e-05, 14.48243522644043, 2.379887973802397e-06, 14.48243522644043, 14.48243522644043]","[0.016458291560411453, 21.359886169433594, 0.00010423530329717323, 634.3075561523438, 0.00010423530329717323, 0.00010423530329717323]"
787.7581787109375,0.48079052567481995,2.0799078941345215,False,9,RNA_2,9,"[-14.383732795715332, -4.599271774291992, -19.79241943359375, -0.45463964343070984, -18.50859832763672, -19.964067459106445]","[0.1667380928993225, 6.646067049587145e-05, 12.624234199523926, 2.4130813471856527e-06, 4.520222187042236, 14.48243522644043]","[0.009053605608642101, 22.713899612426758, 0.00011957802780671045, 625.5823364257812, 0.00033396168146282434, 0.00010423530329717323]"
787.7529296875,0.48059365153312683,2.0807600021362305,False,8,RNA_2,8,"[-16.97844886779785, -4.452394485473633, -19.964067459106445, -0.6249906420707703, -19.964067459106445, -19.964067459106445]","[1.3290202617645264, 5.90927702432964e-05, 14.48243522644043, 2.765400495263748e-06, 14.48243522644043, 14.48243522644043]","[0.0011358599876984954, 25.545949935913086, 0.00010423530329717323, 545.8815307617188, 0.00010423530329717323, 0.00010423530329717323]"
787.747314453125,0.4803825318813324,2.081674337387085,True,7,RNA_2,7,"[-14.999773979187012, -4.883306503295898, -19.964067459106445, -0.5954559445381165, -19.05565071105957, -19.926170349121094]","[0.2729414105415344, 8.341586362803355e-05, 14.48243522644043, 2.70082637143787e-06, 7.002052307128906, 14.049954414367676]","[0.005530787631869316, 18.097049713134766, 0.00010423530329717323, 558.9329833984375, 0.00021559122251346707, 0.000107443833258003]"
787.7429809570312,0.48022136092185974,2.0823729038238525,False,9,RNA_2,9,"[-11.685386657714844, -5.321291923522949, -18.666976928710938, -0.5286419987678528, -19.964067459106445, -14.854894638061523]","[0.019254548475146294, 0.00011841871310025454, 5.130814552307129, 2.5602535060897935e-06, 14.48243522644043, 0.24307100474834442]","[0.07840126752853394, 12.747824668884277, 0.00029421859653666615, 589.6217041015625, 0.00010423530329717323, 0.006210452876985073]"
787.7420654296875,0.48018762469291687,2.082519292831421,False,8,RNA_2,8,"[-14.931219100952148, -4.990987300872803, -17.90789794921875, -0.5746183395385742, -19.964067459106445, -19.964067459106445]","[0.2583753168582916, 9.09202717593871e-05, 2.795471668243408, 2.6561760932963807e-06, 14.48243522644043, 14.48243522644043]","[0.005842589773237705, 16.603349685668945, 0.000540009408723563, 568.3286743164062, 0.00010423530329717323, 0.00010423530329717323]"
787.74169921875,0.4801716208457947,2.0825886726379395,False,8,RNA_2,8,"[-15.573863983154297, -4.866584777832031, -19.964067459106445, -0.5815094113349915, -18.3935604095459, -18.767925262451172]","[0.43204471468925476, 8.230737876147032e-05, 14.48243522644043, 2.670860567377531e-06, 4.1227946281433105, 5.562363147735596]","[0.003494038712233305, 18.34077262878418, 0.00010423530329717323, 565.2039794921875, 0.00036615479621104896, 0.00027139202575199306]"
787.7327880859375,0.4798396825790405,2.08402943611145,False,8,RNA_2,8,"[-19.044048309326172, -4.8472065925598145, -18.649328231811523, -0.5648355484008789, -17.115705490112305, -19.77103614807129]","[6.93735933303833, 8.104124572128057e-05, 5.058880805969238, 2.6354705369158182e-06, 1.483267068862915, 12.410114288330078]","[0.00021760167146567255, 18.627317428588867, 0.0002984021557494998, 572.793701171875, 0.001017740461975336, 0.00012164118379587308]"
787.7197875976562,0.479352742433548,2.086146354675293,False,7,RNA_2,7,"[-14.10042953491211, -5.69763708114624, -20.158206939697266, -0.5844163298606873, -18.92377281188965, -20.158206939697266]","[0.13292454183101654, 0.00016002063057385385, 16.915807723999023, 2.677079010027228e-06, 6.300954341888428, 16.915807723999023]","[0.011356675997376442, 9.43366527557373, 8.92408424988389e-05, 563.89111328125, 0.0002395797346252948, 8.92408424988389e-05]"
787.7151489257812,0.4791809618473053,2.0868942737579346,True,6,RNA_2,6,"[-15.617003440856934, -5.523740291595459, -20.137107849121094, -0.5841071605682373, -17.521095275878906, -20.158206939697266]","[0.4472155272960663, 0.00013923810911364853, 16.632680892944336, 2.6764164431369863e-06, 2.0514745712280273, 16.915807723999023]","[0.0033755111508071423, 10.84172248840332, 9.075993148144335e-05, 564.0307006835938, 0.0007358516450040042, 8.92408424988389e-05]"
787.7150268554688,0.47917693853378296,2.086911916732788,False,7,RNA_2,7,"[-14.727909088134766, -5.672828674316406, -19.1970157623291, -0.5013446807861328, -19.043615341186523, -20.158206939697266]","[0.2195906788110733, 0.00015687604900449514, 7.840441703796387, 2.5049505438801134e-06, 6.934957504272461, 16.915807723999023]","[0.006874522194266319, 9.622762680053711, 0.00019253774371463805, 602.6390380859375, 0.00021767703583464026, 8.92408424988389e-05]"
787.7138061523438,0.47913041710853577,2.0871143341064453,False,7,RNA_2,7,"[-16.196121215820312, -5.6022114753723145, -20.158206939697266, -0.6845496296882629, -19.149690628051758, -20.158206939697266]","[0.710760235786438, 0.0001482592342654243, 16.915807723999023, 2.9003531381022185e-06, 7.549152851104736, 16.915807723999023]","[0.0021238962654024363, 10.182037353515625, 8.92408424988389e-05, 520.4818115234375, 0.00019996693299617618, 8.92408424988389e-05]"
787.7130126953125,0.4791017770767212,2.0872392654418945,False,7,RNA_2,7,"[-13.357950210571289, -5.965804100036621, -19.51464080810547, -0.5704702138900757, -20.158206939697266, -20.158206939697266]","[0.07339075952768326, 0.00019831099780276418, 10.108691215515137, 2.647375367814675e-06, 16.915807723999023, 16.915807723999023]","[0.02056908793747425, 7.612189769744873, 0.00014933495549485087, 570.2179565429688, 8.92408424988389e-05, 8.92408424988389e-05]"
787.71240234375,0.4790775179862976,2.0873448848724365,False,9,RNA_2,9,"[-11.311412811279297, -4.4024457931518555, -18.992538452148438, -0.5778337121009827, -19.180700302124023, -13.882726669311523]","[0.014275835826992989, 5.677804074366577e-05, 6.657296180725098, 2.6630193588061957e-06, 7.738770008087158, 0.11167795211076736]","[0.10574378818273544, 26.58740997314453, 0.00022675587388221174, 566.8682250976562, 0.00019506730313878506, 0.013517269864678383]"
787.711669921875,0.47905129194259644,2.087459087371826,False,7,RNA_2,7,"[-16.331350326538086, -4.990913391113281, -18.561119079589844, -0.5776592493057251, -15.673271179199219, -20.158206939697266]","[0.7919657230377197, 9.0914880274795e-05, 4.7141947746276855, 2.6626473754731705e-06, 0.4678066074848175, 16.915807723999023]","[0.001906119054183364, 16.604333877563477, 0.000320220337016508, 566.9473876953125, 0.003226934000849724, 8.92408424988389e-05]"
787.7093505859375,0.47896328568458557,2.0878427028656006,False,7,RNA_2,7,"[-15.928250312805176, -5.495788097381592, -19.094974517822266, -0.5269330143928528, -16.7515869140625, -20.158206939697266]","[0.5736608505249023, 0.00013615905481856316, 7.225830554962158, 2.5567558168404503e-06, 1.1084383726119995, 16.915807723999023]","[0.0026314868591725826, 11.086894035339355, 0.00020891452732030302, 590.4282836914062, 0.0013618988450616598, 8.92408424988389e-05]"
787.705322265625,0.4788145124912262,2.088491439819336,False,6,RNA_2,6,"[-14.593719482421875, -5.619040012359619, -20.742450714111328, -0.6426360607147217, -17.052108764648438, -17.690649032592773]","[0.19723846018314362, 0.0001502687082393095, 26.99477767944336, 2.8047159048583126e-06, 1.4096895456314087, 2.3494982719421387]","[0.0076535833068192005, 10.045877456665039, 5.592122397501953e-05, 538.2295532226562, 0.0010708606569096446, 0.0006425120518542826]"
787.6882934570312,0.4781787395477295,2.091268301010132,False,8,RNA_2,8,"[-15.362945556640625, -4.44931697845459, -19.964067459106445, -0.6795538663864136, -14.54024887084961, -19.964067459106445]","[0.36496245861053467, 5.894746936974116e-05, 14.48243522644043, 2.8887852749903686e-06, 0.18897917866706848, 14.48243522644043]","[0.004136263858526945, 25.608919143676758, 0.00010423530329717323, 522.5660400390625, 0.007988081313669682, 0.00010423530329717323]"
787.6875610351562,0.47815242409706116,2.091383457183838,False,6,RNA_2,6,"[-15.755742073059082, -5.845578670501709, -20.742450714111328, -0.5694621801376343, -17.49480438232422, -17.642189025878906]","[0.49971187114715576, 0.00018012590589933097, 26.99477767944336, 2.645241920617991e-06, 2.008776903152466, 2.2601563930511475]","[0.0030209028627723455, 8.380699157714844, 5.592122397501953e-05, 570.6778564453125, 0.0007514926255680621, 0.0006679099751636386]"
787.6807861328125,0.47790077328681946,2.092484712600708,False,8,RNA_2,8,"[-15.426187515258789, -5.734304904937744, -19.519655227661133, -0.5410860776901245, -15.851980209350586, -18.1547908782959]","[0.3839022219181061, 0.00016478424367960542, 10.149319648742676, 2.58587033385993e-06, 0.5397047400474548, 3.40592098236084]","[0.003932201769202948, 9.160954475402832, 0.00014873716281726956, 583.7806396484375, 0.002797049703076482, 0.0004432225541677326]"
787.6756591796875,0.4777102768421173,2.0933189392089844,False,6,RNA_2,6,"[-13.205402374267578, -6.273875713348389, -19.747526168823242, -0.6714749932289124, -17.263769149780273, -18.100370407104492]","[0.06495923548936844, 0.0002537358377594501, 12.178881645202637, 2.8701765586447436e-06, 1.6697906255722046, 3.26082181930542]","[0.0232388973236084, 5.9494194984436035, 0.00012395071098580956, 525.9540405273438, 0.0009040540317073464, 0.00046294493949972093]"
787.6752319335938,0.47769278287887573,2.093395709991455,False,7,RNA_2,7,"[-12.345861434936523, -5.592081069946289, -19.875110626220703, -0.5895950198173523, -19.173416137695312, -14.635509490966797]","[0.03265921771526337, 0.00014706254296470433, 13.487607955932617, 2.6881923531618668e-06, 7.693807601928711, 0.20394401252269745]","[0.046222202479839325, 10.264890670776367, 0.00011192355304956436, 561.5598754882812, 0.00019620727107394487, 0.007401938084512949]"
787.6618041992188,0.4771932363510132,2.0955872535705566,False,6,RNA_2,6,"[-14.952094078063965, -5.641470909118652, -20.742450714111328, -0.5886620879173279, -15.084104537963867, -17.150531768798828]","[0.26272642612457275, 0.00015298959624487907, 26.99477767944336, 2.686187144718133e-06, 0.2919905483722687, 1.5251736640930176]","[0.005745828617364168, 9.867213249206543, 5.592122397501953e-05, 561.9790649414062, 0.005169965326786041, 0.0009897764539346099]"
787.6593017578125,0.4770992696285248,2.0959999561309814,False,7,RNA_2,7,"[-16.340274810791016, -5.677905559539795, -20.158206939697266, -0.702157735824585, -16.699594497680664, -15.720495223999023]","[0.7976402640342712, 0.00015751451428513974, 16.915807723999023, 2.9414991331577767e-06, 1.0632799863815308, 0.48581811785697937]","[0.001892558648250997, 9.583758354187012, 8.92408424988389e-05, 513.2012329101562, 0.0014197399141266942, 0.003107296535745263]"
787.599853515625,0.47489824891090393,2.1057143211364746,True,5,RNA_2,5,"[-16.189180374145508, -6.588803291320801, -20.742450714111328, -0.6322526931762695, -16.136690139770508, -18.093547821044922]","[0.7068244814872742, 0.0003264365950599313, 26.99477767944336, 2.7815137855213834e-06, 0.6777580380439758, 3.2430715560913086]","[0.002135722665116191, 4.624423503875732, 5.592122397501953e-05, 542.71923828125, 0.0022273154463618994, 0.0004654787771869451]"
787.5965576171875,0.47477656602859497,2.1062541007995605,False,5,RNA_2,5,"[-15.872198104858398, -6.452770709991455, -21.527545928955078, -0.556512176990509, -15.046821594238281, -19.469818115234375]","[0.5485051274299622, 0.000292776501737535, 50.588279724121094, 2.6179791348113213e-06, 0.2834101915359497, 9.752633094787598]","[0.0027521729934960604, 5.156086444854736, 2.984052844112739e-05, 576.6207275390625, 0.005326488055288792, 0.00015478701971005648]"
787.566650390625,0.4736708402633667,2.111170768737793,False,6,RNA_2,6,"[-13.326061248779297, -6.823023319244385, -20.742450714111328, -0.6359782814979553, -15.838074684143066, -16.632225036621094]","[0.0715421661734581, 0.0003937089059036225, 26.99477767944336, 2.789817244774895e-06, 0.5337340235710144, 1.0074905157089233]","[0.02110057696700096, 3.834256649017334, 5.592122397501953e-05, 541.1038818359375, 0.002828339347615838, 0.0014983575092628598]"
787.552490234375,0.4731513559818268,2.1134886741638184,False,6,RNA_2,6,"[-17.69776725769043, -6.812799453735352, -20.709922790527344, -0.6424274444580078, -15.829038619995117, -17.379125595092773]","[2.3629167079925537, 0.00039050180930644274, 26.301382064819336, 2.804246832965873e-06, 0.529889702796936, 1.8312219381332397]","[0.0006388634210452437, 3.86574649810791, 5.739550033467822e-05, 538.319580078125, 0.0028488589450716972, 0.0008243572083301842]"
787.5457763671875,0.47290465235710144,2.114591121673584,True,4,RNA_2,4,"[-16.935922622680664, -6.7788519859313965, -21.527545928955078, -0.6224979162216187, -15.254201889038086, -17.48227310180664]","[1.2845655679702759, 0.0003800393606070429, 50.588279724121094, 2.7598903216130566e-06, 0.33455440402030945, 1.9887393712997437]","[0.0011751685524359345, 3.972170114517212, 2.984052844112739e-05, 546.9713745117188, 0.004512213636189699, 0.0007590642780996859]"
787.54443359375,0.4728548228740692,2.114814043045044,False,6,RNA_2,6,"[-16.26930809020996, -6.914182662963867, -20.742450714111328, -0.5329496264457703, -15.802816390991211, -19.68610382080078]","[0.7536172270774841, 0.0004234939406160265, 26.99477767944336, 2.569092657722649e-06, 0.5188897252082825, 11.594905853271484]","[0.002003113739192486, 3.564586877822876, 5.592122397501953e-05, 587.5930786132812, 0.0029092519544065, 0.00013019346806686372]"
787.5311279296875,0.4723653197288513,2.1170055866241455,False,5,RNA_2,5,"[-16.284093856811523, -6.842811584472656, -21.4367618560791, -0.6046392321586609, -15.160195350646973, -17.294679641723633]","[0.7625842094421387, 0.00039999111322686076, 47.04440689086914, 2.7207413495489163e-06, 0.31031689047813416, 1.7115964889526367]","[0.0019795596599578857, 3.774036407470703, 3.2088428270071745e-05, 554.841796875, 0.004864643327891827, 0.0008819724898785353]"
787.5194091796875,0.47193458676338196,2.1189377307891846,False,4,RNA_2,4,"[-15.76794147491455, -5.962337493896484, -22.213987350463867, -0.7047759294509888, -13.87220287322998, -15.274908065795898]","[0.5046126246452332, 0.00019776179397013038, 87.60799407958984, 2.947665507235797e-06, 0.11074168235063553, 0.3401423990726471]","[0.002991564106196165, 7.63332986831665, 1.723108653095551e-05, 512.1276245117188, 0.013631551526486874, 0.0044380854815244675]"
787.508544921875,0.4715365767478943,2.1207261085510254,False,6,RNA_2,6,"[-18.563451766967773, -7.150533199310303, -19.500696182250977, -0.5616998076438904, -17.373830795288086, -18.738208770751953]","[4.722999095916748, 0.0005116392276249826, 9.99654483795166, 2.628867150633596e-06, 1.8234808444976807, 5.431687355041504]","[0.0003196233883500099, 2.95047926902771, 0.00015101027383934706, 574.2325439453125, 0.0008278567693196237, 0.0002779211790766567]"
787.5016479492188,0.47128409147262573,2.1218624114990234,False,6,RNA_2,6,"[-13.440086364746094, -6.843974590301514, -16.063858032226562, -0.5676044225692749, -16.19902801513672, -15.095962524414062]","[0.07837516814470291, 0.00040036349673755467, 0.6393963694572449, 2.6413131308800075e-06, 0.7124147415161133, 0.29477375745773315]","[0.019260959699749947, 3.7705259323120117, 0.002360947197303176, 571.5267333984375, 0.002118963748216629, 0.005121151451021433]"
787.497314453125,0.47112539410591125,2.12257719039917,False,5,RNA_2,5,"[-15.717206001281738, -6.227735996246338, -21.527545928955078, -0.5670386552810669, -13.488748550415039, -16.936315536499023]","[0.48454126715660095, 0.0002445407153572887, 50.588279724121094, 2.640119191710255e-06, 0.08148646354675293, 1.2849699258804321]","[0.003115484956651926, 6.1731276512146, 2.984052844112739e-05, 571.78515625, 0.018525542691349983, 0.0011747987009584904]"
787.431640625,0.46872493624687195,2.1334474086761475,False,5,RNA_2,5,"[-18.110891342163086, -6.670679569244385, -21.23971939086914, -0.6895872354507446, -13.535319328308105, -16.20488166809082]","[3.2883827686309814, 0.0003485343186184764, 40.18356704711914, 2.912067429861054e-06, 0.08457961678504944, 0.715758740901947]","[0.0004590648750308901, 4.331226348876953, 3.7567122490145266e-05, 518.3880615234375, 0.017848046496510506, 0.00210906402207911]"
787.4290161132812,0.46863067150115967,2.1338765621185303,False,7,RNA_2,7,"[-14.831754684448242, -6.856317043304443, -18.202930450439453, -0.5377805829048157, -13.51118278503418, -20.158206939697266]","[0.23861269652843475, 0.00040433622780255973, 3.5396478176116943, 2.5790411655179923e-06, 0.08296213299036026, 16.915807723999023]","[0.006326490547508001, 3.7334794998168945, 0.0004264777235221118, 585.326416015625, 0.018196024000644684, 8.92408424988389e-05]"
787.3980102539062,0.4675033390522003,2.1390221118927,False,5,RNA_2,5,"[-16.735801696777344, -6.3177690505981445, -21.527545928955078, -0.593818187713623, -13.218896865844727, -15.127904891967773]","[1.0945287942886353, 0.0002628039801493287, 50.588279724121094, 2.697290938158403e-06, 0.06566430628299713, 0.30240339040756226]","[0.0013792063109576702, 5.744132995605469, 2.984052844112739e-05, 559.6655883789062, 0.022989369928836823, 0.004991944879293442]"
787.3839111328125,0.4669899046421051,2.141373872756958,False,4,RNA_2,4,"[-17.655479431152344, -7.4123101234436035, -19.89206314086914, -0.8384091258049011, -14.621574401855469, -17.832921981811523]","[2.2843148708343506, 0.0006308329757303, 13.671770095825195, 3.2802527130115777e-06, 0.20168307423591614, 2.632727861404419]","[0.0006608463008888066, 2.392996311187744, 0.00011041591642424464, 460.20263671875, 0.007484916597604752, 0.0005733904545195401]"
787.3820190429688,0.46692243218421936,2.141683340072632,False,4,RNA_2,4,"[-19.72913360595703, -5.540635108947754, -22.213987350463867, -0.7984569668769836, -12.80614948272705, -15.151922225952148]","[12.000995635986328, 0.00014113278302829713, 87.60799407958984, 3.1770687201060355e-06, 0.047198280692100525, 0.3082698881626129]","[0.00012578797759488225, 10.696175575256348, 1.723108653095551e-05, 475.14898681640625, 0.031983811408281326, 0.004896945785731077]"
787.3814086914062,0.4669005274772644,2.1417839527130127,True,3,RNA_2,3,"[-17.163999557495117, -6.9869160652160645, -22.213987350463867, -0.7478353977203369, -13.678038597106934, -15.778768539428711]","[1.5416947603225708, 0.0004488667764235288, 87.60799407958984, 3.0509752377838595e-06, 0.09480942785739899, 0.5090023875236511]","[0.0009791698539629579, 3.363093614578247, 1.723108653095551e-05, 494.786376953125, 0.015922266989946365, 0.00296576414257288]"
787.3695068359375,0.46646788716316223,2.143770217895508,False,4,RNA_2,4,"[-20.521127700805664, -7.2594709396362305, -20.764728546142578, -0.7185985445976257, -14.35338020324707, -15.59557056427002]","[22.61435890197754, 0.0005582293379120529, 27.480199813842773, 2.9804427867929917e-06, 0.16273808479309082, 0.43961286544799805]","[6.675320764770731e-05, 2.704230785369873, 5.4933407227508724e-05, 506.49554443359375, 0.009276138618588448, 0.0034338871482759714]"
787.33837890625,0.46534398198127747,2.1489479541778564,False,5,RNA_2,5,"[-18.245498657226562, -5.976316928863525, -15.803000450134277, -0.6602411866188049, -12.57573127746582, -18.27060890197754]","[3.6622636318206787, 0.0001999858650378883, 0.5189658999443054, 2.8444967483665096e-06, 0.03925280645489693, 3.7365758419036865]","[0.00041219888953492045, 7.548438549041748, 0.0029088249430060387, 530.7023315429688, 0.03845791146159172, 0.00040400115540251136]"
787.3271484375,0.46493852138519287,2.1508219242095947,False,5,RNA_2,5,"[-17.101428985595703, -7.174027442932129, -20.667631149291992, -0.6455338001251221, -13.261198997497559, -20.381061553955078]","[1.4664226770401, 0.0005213465192355216, 25.42639923095703, 2.811223339449498e-06, 0.06792452186346054, 20.21717071533203]","[0.0010294310050085187, 2.8955423831939697, 5.937061723670922e-05, 536.983642578125, 0.022224389016628265, 7.466826355084777e-05]"
787.1659545898438,0.45916005969047546,2.177889823913574,False,5,RNA_2,5,"[-15.777486801147461, -7.903837203979492, -21.527545928955078, -0.5942747592926025, -14.204960823059082, -15.359789848327637]","[0.5084808468818665, 0.0009347347659058869, 50.588279724121094, 2.698275238799397e-06, 0.14451836049556732, 0.36404216289520264]","[0.0029688060749322176, 1.6149832010269165, 2.984052844112739e-05, 559.46142578125, 0.010445600375533104, 0.00414672028273344]"
787.1435546875,0.458364337682724,2.181670665740967,False,4,RNA_2,4,"[-14.719741821289062, -6.642237663269043, -21.008075714111328, -0.7789490818977356, -12.09660816192627, -17.011402130126953]","[0.21816058456897736, 0.0003406934847589582, 33.38621139526367, 3.127869604213629e-06, 0.026755081489682198, 1.3645223379135132]","[0.0069195860996842384, 4.430906772613525, 4.521570372162387e-05, 482.62274169921875, 0.056422214955091476, 0.001106307259760797]"
787.1220703125,0.45760053396224976,2.185312271118164,False,3,RNA_2,3,"[-18.300071716308594, -8.321455001831055, -22.213987350463867, -0.8817580938339233, -16.77566146850586, -16.194820404052734]","[3.825695037841797, 0.0013055206509307027, 87.60799407958984, 3.396003421585192e-06, 1.1299935579299927, 0.7100208401679993]","[0.00039458999526686966, 1.1563056707382202, 1.723108653095551e-05, 444.5169372558594, 0.0013359199510887265, 0.0021261079236865044]"
787.097900390625,0.4567458927631378,2.189401149749756,False,5,RNA_2,5,"[-16.668899536132812, -8.308650970458984, -20.010499954223633, -0.6812157034873962, -16.393978118896484, -15.403726577758789]","[1.0374879837036133, 0.0012922161258757114, 15.030517578125, 2.8926269806106575e-06, 0.832655668258667, 0.37706559896469116]","[0.0014550347113981843, 1.1682109832763672, 0.00010043440124718472, 521.8720092773438, 0.0018129715463146567, 0.004003496840596199]"
787.0111694335938,0.4536880850791931,2.204157590866089,False,3,RNA_2,3,"[-19.787193298339844, -8.565485954284668, -20.115995407104492, -0.8539835214614868, -15.349985122680664, -16.292036056518555]","[12.571563720703125, 0.0015869700582697988, 16.35410499572754, 3.321379381304723e-06, 0.36119794845581055, 0.7674450278282166]","[0.00012007901386823505, 0.9512346982955933, 9.230593423126265e-05, 454.5042419433594, 0.004179372917860746, 0.001967021729797125]"
786.9698486328125,0.45223990082740784,2.2112157344818115,False,3,RNA_2,3,"[-19.30463409423828, -8.830415725708008, -22.213987350463867, -0.9638313055038452, -18.702381134033203, -17.794818878173828]","[8.545373916625977, 0.0019616195932030678, 87.60799407958984, 3.6264634672988905e-06, 5.278212547302246, 2.5536856651306152]","[0.0001766547648003325, 0.7695584893226624, 1.723108653095551e-05, 416.2680969238281, 0.0002860023232642561, 0.000591138144955039]"
786.8530883789062,0.4481745958328247,2.2312734127044678,False,3,RNA_2,3,"[-22.213987350463867, -8.946576118469238, -20.090452194213867, -0.8596887588500977, -14.663323402404785, -16.452661514282227]","[87.60799407958984, 0.002152648288756609, 16.0233097076416, 3.3365722629241645e-06, 0.20853286981582642, 0.8726785182952881]","[1.723108653095551e-05, 0.701266884803772, 9.421155846212059e-05, 452.4346618652344, 0.0072390553541481495, 0.0017298248130828142]"
786.8526000976562,0.44815635681152344,2.2313640117645264,False,4,RNA_2,4,"[-13.678532600402832, -8.429359436035156, -21.968433380126953, -0.8241275548934937, -12.731450080871582, -18.20298194885254]","[0.09484689682722092, 0.0014232249232009053, 71.98297882080078, 3.242987304474809e-06, 0.04446036368608475, 3.539792776107788]","[0.015915976837277412, 1.0606763362884521, 2.097135984513443e-05, 465.4908752441406, 0.033953409641981125, 0.00042646026122383773]"
786.8519897460938,0.44813498854637146,2.2314705848693848,False,3,RNA_2,3,"[-16.870866775512695, -8.365013122558594, -21.202068328857422, -0.8920549154281616, -14.831849098205566, -13.538640975952148]","[1.219421148300171, 0.001351815415546298, 38.991249084472656, 3.424093165449449e-06, 0.23863069713115692, 0.08480468392372131]","[0.0012379488907754421, 1.1167064905166626, 3.871589069603942e-05, 440.87030029296875, 0.006326013244688511, 0.017800679430365562]"
786.847900390625,0.4479951858520508,2.2321667671203613,True,2,RNA_2,2,"[-18.344697952270508, -8.984541893005371, -22.213987350463867, -0.8904983997344971, -15.376155853271484, -15.69688606262207]","[3.96474289894104, 0.0022190329618752003, 87.60799407958984, 3.4198330922663445e-06, 0.36883988976478577, 0.4767283499240875]","[0.00038075129850767553, 0.680287778377533, 1.723108653095551e-05, 441.41949462890625, 0.004092781338840723, 0.0031665433198213577]"
786.77880859375,0.4456076920032501,2.244126558303833,False,3,RNA_2,3,"[-15.518152236938477, -9.041379928588867, -22.213987350463867, -0.9111740589141846, -14.45771312713623, -15.323423385620117]","[0.41321149468421936, 0.0023222623858600855, 87.60799407958984, 3.4768693240039283e-06, 0.17690420150756836, 0.3536037504673004]","[0.0036532890517264605, 0.6500475406646729, 1.723108653095551e-05, 434.17822265625, 0.008533325046300888, 0.004269131924957037]"
786.7523803710938,0.44470030069351196,2.2487056255340576,False,2,RNA_2,2,"[-17.546483993530273, -9.365153312683105, -21.317535400390625, -1.1378145217895508, -15.131258964538574, -17.7513370513916]","[2.0935678482055664, 0.0030088578350842, 42.764617919921875, 4.168035502516432e-06, 0.303215891122818, 2.4663825035095215]","[0.0007210566545836627, 0.5017123222351074, 3.5299766750540584e-05, 362.1804504394531, 0.00497856829315424, 0.000612062809523195]"
786.7015380859375,0.4429565668106079,2.2575578689575195,False,4,RNA_2,4,"[-18.350955963134766, -7.472331523895264, -20.60214614868164, -0.6443825364112854, -11.51288890838623, -16.741872787475586]","[3.9846413135528564, 0.0006618628976866603, 24.128644943237305, 2.8086360543966293e-06, 0.016772640869021416, 1.099858045578003]","[0.00037884991616010666, 2.280806303024292, 6.256384949665517e-05, 537.4783325195312, 0.09000258147716522, 0.001372523489408195]"
786.6887817382812,0.4425222873687744,2.2597732543945312,False,3,RNA_2,3,"[-20.033985137939453, -9.270904541015625, -22.213987350463867, -0.8325246572494507, -13.785887718200684, -16.76677703857422]","[15.315585136413574, 0.002790334401652217, 87.60799407958984, 3.2648461001372198e-06, 0.10335276275873184, 1.121990442276001]","[9.856502583716065e-05, 0.5410035848617554, 1.723108653095551e-05, 462.37432861328125, 0.014606102369725704, 0.0013454490108415484]"
786.6559448242188,0.44140106439590454,2.2655131816864014,False,3,RNA_2,3,"[-17.667444229125977, -8.76947021484375, -22.213987350463867, -0.9488495588302612, -16.360431671142578, -13.158768653869629]","[2.3062851428985596, 0.0018682722002267838, 87.60799407958984, 3.583258603612194e-06, 0.8106070756912231, 0.06258044391870499]","[0.0006545509095303714, 0.808009147644043, 1.723108653095551e-05, 421.2872009277344, 0.0018622844945639372, 0.024122247472405434]"
786.59521484375,0.43933939933776855,2.276144504547119,False,2,RNA_2,2,"[-21.698400497436523, -9.642135620117188, -22.434864044189453, -1.0417377948760986, -14.339423179626465, -15.662625312805176]","[57.997703552246094, 0.0037552183493971825, 104.5404281616211, 3.8596749618591275e-06, 0.16093112528324127, 0.4638393223285675]","[2.602828863018658e-05, 0.40199553966522217, 1.444016470486531e-05, 391.1160888671875, 0.009380292147397995, 0.003254534211009741]"
786.5728759765625,0.43858256936073303,2.2800724506378174,False,2,RNA_2,2,"[-16.86506462097168, -10.224289894104004, -22.434864044189453, -1.0143476724624634, -17.1125545501709, -19.259296417236328]","[1.2137736082077026, 0.005982686765491962, 104.5404281616211, 3.7760228224215098e-06, 1.479533076286316, 8.240985870361328]","[0.0012437088880687952, 0.2523249387741089, 1.444016470486531e-05, 399.78070068359375, 0.0010203090496361256, 0.00018317965441383421]"
786.5604248046875,0.43816065788269043,2.2822678089141846,False,4,RNA_2,4,"[-15.123441696166992, -6.632807731628418, -20.88933563232422, -0.7439042329788208, -11.029587745666504, -16.076637268066406]","[0.30132558941841125, 0.00033813295885920525, 30.36077117919922, 3.0413953027164098e-06, 0.011394241824746132, 0.6459667086601257]","[0.00500980019569397, 4.4644598960876465, 4.972143142367713e-05, 496.3448791503906, 0.13248629868030548, 0.002336933044716716]"
786.550048828125,0.4378105401992798,2.284093141555786,True,1,RNA_2,1,"[-19.820865631103516, -9.793951988220215, -22.434864044189453, -0.9537796378135681, -13.819231986999512, -17.597270965576172]","[12.91481876373291, 0.004240153823047876, 104.5404281616211, 3.5974189813714474e-06, 0.10614684969186783, 2.1803808212280273]","[0.00011688750964822248, 0.35602033138275146, 1.444016470486531e-05, 419.62890625, 0.014221628196537495, 0.0006923474138602614]"
786.47021484375,0.4351249635219574,2.2981903553009033,False,2,RNA_2,2,"[-17.39194679260254, -10.620917320251465, -20.190895080566406, -0.8064424991607666, -15.460997581481934, -18.15500259399414]","[1.8501008749008179, 0.008216725662350655, 17.364004135131836, 3.1974277590052225e-06, 0.39474350214004517, 3.4064977169036865]","[0.0008159452117979527, 0.18372049927711487, 8.693737618159503e-05, 472.1235656738281, 0.0038242072332650423, 0.00044314752449281514]"
786.4112548828125,0.43315425515174866,2.3086464405059814,False,2,RNA_2,2,"[-18.560564041137695, -10.45644760131836, -22.434864044189453, -0.9339125156402588, -14.366482734680176, -15.67378044128418]","[4.712100505828857, 0.007203708868473768, 104.5404281616211, 3.540695388437598e-06, 0.16445289552211761, 0.46799716353416443]","[0.0003203626547474414, 0.20955607295036316, 1.444016470486531e-05, 426.3515625, 0.009179412387311459, 0.0032256199046969414]"
786.4095458984375,0.43309709429740906,2.3089511394500732,False,1,RNA_2,1,"[-22.434864044189453, -8.369321823120117, -19.890911102294922, -1.0616682767868042, -11.654245376586914, -14.875816345214844]","[104.5404281616211, 0.001356483087874949, 13.659174919128418, 3.921710685972357e-06, 0.0187807846814394, 0.24717360734939575]","[1.444016470486531e-05, 1.1128638982772827, 0.00011051772889913991, 384.92919921875, 0.08037901669740677, 0.006107371300458908]"
786.393798828125,0.43257418274879456,2.3117423057556152,False,1,RNA_2,1,"[-19.802976608276367, -10.730860710144043, -20.887022018432617, -1.042668104171753, -14.342121124267578, -16.982818603515625]","[12.731307029724121, 0.008972160518169403, 30.304622650146484, 3.8625507841061335e-06, 0.1612788587808609, 1.3336741924285889]","[0.00011857235222123563, 0.1682516634464264, 4.9813555961009115e-05, 390.82489013671875, 0.009360067546367645, 0.0011318963952362537]"
786.3497924804688,0.4311107397079468,2.319589614868164,False,1,RNA_2,1,"[-20.399351119995117, -9.031266212463379, -22.434864044189453, -1.141433835029602, -13.399598121643066, -12.96608829498291]","[20.515148162841797, 0.0023035486228764057, 104.5404281616211, 4.18012086811359e-06, 0.07587721943855286, 0.05364072695374489]","[7.358372386079282e-05, 0.6553284525871277, 1.444016470486531e-05, 361.1333312988281, 0.019895048812031746, 0.02814244106411934]"
786.3418579101562,0.43084731698036194,2.3210079669952393,True,0,RNA_2,0,"[-22.43486326166001, -8.984595538154796, -21.788223554141744, -1.1268987347603634, -12.029011880520821, -14.792732651500533]","[104.5404281616211, 0.0022191277239471674, 62.3187141418457, 4.131795321882237e-06, 0.02534666657447815, 0.23127877712249756]","[1.444016470486531e-05, 0.6802587509155273, 2.422355828457512e-05, 365.3571472167969, 0.05955737829208374, 0.00652710534632206]"
786.334716796875,0.430610328912735,2.3222851753234863,False,2,RNA_2,2,"[-18.011573791503906, -10.88795280456543, -19.482643127441406, -0.9097546339035034, -13.724926948547363, -20.612285614013672]","[3.037217855453491, 0.01017364114522934, 9.8532075881958, 3.472924163361313e-06, 0.09843333065509796, 24.325172424316406]","[0.0004970275913365185, 0.14838159084320068, 0.00015320706006605178, 434.67144775390625, 0.01533607579767704, 6.205838872119784e-05]"
786.3306274414062,0.43047547340393066,2.3230128288269043,False,2,RNA_2,2,"[-22.434864044189453, -10.681327819824219, -20.502716064453125, -1.1359577178955078, -13.448871612548828, -19.009374618530273]","[104.5404281616211, 0.0086235785856843, 22.28370475769043, 4.161849119554972e-06, 0.07892793416976929, 6.7475714683532715]","[1.444016470486531e-05, 0.1750527322292328, 6.774372013751417e-05, 362.71881103515625, 0.01912606693804264, 0.00022372211969923228]"
786.3229370117188,0.43022093176841736,2.324387311935425,False,2,RNA_2,2,"[-21.153411865234375, -10.193017959594727, -20.70756721496582, -1.0052120685577393, -12.88735580444336, -17.653284072875977]","[37.50267028808594, 0.005834871903061867, 26.25186538696289, 3.748524704860756e-06, 0.05036631599068642, 2.280306577682495]","[4.025262751383707e-05, 0.2587170898914337, 5.750375930801965e-05, 402.71337890625, 0.029972035437822342, 0.0006620078929699957]"
786.3179931640625,0.4300561547279358,2.325277805328369,False,3,RNA_2,3,"[-16.987991333007812, -10.370869636535645, -19.342037200927734, -0.9142792224884033, -15.315753936767578, -13.863343238830566]","[1.3392044305801392, 0.006727029103785753, 8.804937362670898, 3.4855158901336836e-06, 0.3514406979084015, 0.10995954275131226]","[0.0011272222036495805, 0.22440530359745026, 0.0001714471000013873, 433.1011657714844, 0.0042954073287546635, 0.013728512451052666]"
786.2523193359375,0.42788946628570557,2.3370521068573,False,1,RNA_2,1,"[-22.434864044189453, -8.822940826416016, -19.455244064331055, -1.2457247972488403, -11.54403018951416, -16.601062774658203]","[104.5404281616211, 0.0019499241607263684, 9.639582633972168, 4.543841441773111e-06, 0.017195744439959526, 0.9826846718788147]","[1.444016470486531e-05, 0.7741742134094238, 0.00015660231292713434, 332.2257080078125, 0.08778806030750275, 0.0015361804980784655]"
786.2498779296875,0.42781001329421997,2.3374862670898438,False,1,RNA_2,1,"[-20.42589569091797, -9.3322114944458, -20.675270080566406, -0.9938534498214722, -11.995111465454102, -15.426352500915527]","[20.955453872680664, 0.002930599730461836, 25.582258224487305, 3.714617605510284e-06, 0.02466849982738495, 0.38395294547080994]","[7.203761924756691e-05, 0.5151098966598511, 5.9008903917856514e-05, 406.38934326171875, 0.061194680631160736, 0.003931682091206312]"
786.24267578125,0.4275743365287781,2.3387746810913086,False,2,RNA_2,2,"[-20.411998748779297, -11.093008041381836, -20.876609802246094, -0.939507782459259, -13.217883110046387, -20.851470947265625]","[20.72378158569336, 0.011987258680164814, 30.053253173828125, 3.556579031283036e-06, 0.06561107188463211, 29.454885482788086]","[7.284292951226234e-05, 0.12593212723731995, 5.023020275984891e-05, 424.4474792480469, 0.02300802245736122, 5.1250615797471255e-05]"
786.2369384765625,0.4273846447467804,2.339812755584717,False,4,RNA_2,4,"[-18.06320571899414, -7.048696041107178, -21.523386001586914, -0.7551193237304688, -14.223855972290039, -11.403958320617676]","[3.1652987003326416, 0.000471608858788386, 50.42018508911133, 3.068806108785793e-06, 0.14671951532363892, 0.015372874215245247]","[0.0004769157967530191, 3.2009174823760986, 2.994001260958612e-05, 491.9114990234375, 0.010288890451192856, 0.09819770604372025]"
786.1621704101562,0.4249363839626312,2.3532934188842773,False,1,RNA_2,1,"[-22.434864044189453, -9.862066268920898, -22.434864044189453, -1.2065223455429077, -12.041642189025879, -17.43452262878418]","[104.5404281616211, 0.004477616865187883, 104.5404281616211, 4.403548700793181e-06, 0.02560408040881157, 1.9142016172409058]","[1.444016470486531e-05, 0.33713939785957336, 1.444016470486531e-05, 342.81011962890625, 0.05895860865712166, 0.0007886217208579183]"
785.786376953125,0.4128650724887848,2.4220991134643555,False,1,RNA_2,1,"[-22.434864044189453, -9.256354331970215, -20.40614891052246, -1.0860214233398438, -11.220108032226562, -14.260855674743652]","[104.5404281616211, 0.0027580431196838617, 20.627031326293945, 3.998863121523755e-06, 0.013270245864987373, 0.15112727880477905]","[1.444016470486531e-05, 0.5473377108573914, 7.318460120586678e-05, 377.5025329589844, 0.11375682055950165, 0.009988805279135704]"
785.4324951171875,0.401844322681427,2.4885261058807373,False,1,RNA_2,1,"[-20.610580444335938, -7.433600425720215, -22.174802780151367, -1.0816221237182617, -10.068044662475586, -15.477313995361328]","[24.29199981689453, 0.0006416695541702211, 84.90432739257812, 3.98481506636017e-06, 0.005279723089188337, 0.39992985129356384]","[6.214313179953024e-05, 2.352583169937134, 1.7779788322513923e-05, 378.8333740234375, 0.28592050075531006, 0.0037746145389974117]"
785.2791748046875,0.39717262983322144,2.517796754837036,False,1,RNA_2,1,"[-22.434864044189453, -9.3457670211792, -22.434864044189453, -0.9750199317932129, -10.500743865966797, -16.226736068725586]","[104.5404281616211, 0.002962553407996893, 104.5404281616211, 3.6590686249837745e-06, 0.007463563699275255, 0.72838294506073]","[1.444016470486531e-05, 0.5095540285110474, 1.444016470486531e-05, 412.5588073730469, 0.2022600769996643, 0.00207251007668674]"
782.8784790039062,0.3313806354999542,3.0176777839660645,False,0,RNA_2,0,"[-9.702050073434732, -9.5772987892604, -1.150641868393663, -7.904253965115807, -16.214838350351524, -14.21593855885895]","[0.00393959553912282, 0.003565403399989009, 4.21102822656394e-06, 0.0009350465261377394, 0.7214825749397278, 0.145793154835701]","[0.38318172097206116, 0.4233969748020172, 358.4827575683594, 1.6144447326660156, 0.0020923318807035685, 0.010354265570640564]"
782.7551879882812,0.32834526896476746,3.04557466506958,False,0,RNA_2,0,"[-7.496581803387951, -23.931612176328148, -8.292399372674353, -8.192584554611173, -20.05992381260696, -22.16021270604558]","[0.0006748286541551352, 346.1845703125, 0.0012755242642015219, 0.0011776323663070798, 15.636703491210938, 83.9191665649414]","[2.2369842529296875, 4.360624643595656e-06, 1.183498501777649, 1.2818779945373535, 9.654086898081005e-05, 1.79885118996026e-05]"
782.7032470703125,0.3270750045776367,3.0574028491973877,False,0,RNA_2,0,"[-17.351396604695108, -16.106470478002347, -10.782383254436388, -14.175468635621893, 0.0, -22.853331761840128]","[1.7910462617874146, 0.661568820476532, 0.009349700063467026, 0.14114850759506226, 1.677313093750854e-06, 146.1083984375]","[0.0008428486762568355, 0.002281819935888052, 0.16145768761634827, 0.010694983415305614, 899.99951171875, 1.0331925295758992e-05]"
781.742431640625,0.3045523166656494,3.283508062362671,False,0,RNA_2,0,"[-18.663112166357035, -5.521443740710112, -13.722985455379657, -10.82783629101775, -25.0, -9.559211130689823]","[5.114975929260254, 0.0001389825192745775, 0.09828056395053864, 0.009695934131741524, 813.7739868164062, 0.0035141808912158012]","[0.0002951296337414533, 10.861660957336426, 0.015359913930296898, 0.15569216012954712, 1.8550372260506265e-06, 0.4295683801174164]"
781.6212158203125,0.30183547735214233,3.313063383102417,False,0,RNA_2,0,"[-10.837876363863598, -1.618663192941895, -23.652869278623236, -23.23791707027445, -24.963164693607347, -4.016000327654687]","[0.00977412797510624, 6.123434559412999e-06, 276.9893798828125, 198.74380493164062, 790.1438598632812, 4.167882798356004e-05]","[0.15444661676883698, 246.52520751953125, 5.449959644465707e-06, 7.595612714794697e-06, 1.9105141291220207e-06, 36.2193717956543]"
781.2489013671875,0.29365694522857666,3.405333995819092,False,0,RNA_2,0,"[-20.09874986895113, -21.325235567046445, -8.644570753655305, -18.95354623725152, -13.461006084703648, -19.182149694872276]","[16.130020141601562, 43.02885055541992, 0.00169061787892133, 6.45283842086792, 0.0796978771686554, 7.747749328613281]","[9.358829265693203e-05, 3.5082997783320025e-05, 0.892916738986969, 0.00023394062009174377, 0.01894129440188408, 0.00019484122458379716]"
778.2342529296875,0.2358064502477646,4.2407660484313965,False,0,RNA_2,0,"[-14.201621660018692, -2.4907804153310593, -0.637156672328814, -15.597727885366206, -5.070442384207496, -11.84732061577731]","[0.1441328525543213, 1.2302683899179101e-05, 2.792447048705071e-06, 0.44037219882011414, 9.688716090749949e-05, 0.021917695179581642]","[0.010473538190126419, 122.70338439941406, 540.5942993164062, 0.0034279662650078535, 15.580815315246582, 0.06887498497962952]"
776.4268798828125,0.20725391805171967,4.8249993324279785,False,0,RNA_2,0,"[-11.333734804709952, -7.043857496782152, -9.942677659302834, -11.435075193420966, -14.5608584920819, -8.830583830366773]","[0.01453305222094059, 0.000469786929897964, 0.004775887820869684, 0.015760356560349464, 0.19212092459201813, 0.0019618829246610403]","[0.10387226194143295, 3.2133312225341797, 0.3160838484764099, 0.09578342735767365, 0.007857452146708965, 0.7694551944732666]"
773.66552734375,0.17073658108711243,5.856975555419922,False,0,RNA_2,0,"[-5.420290530585799, -3.051867739659638, -0.2515381712135998, -4.87877446668784, -13.585580397396017, -5.359119315803287]","[0.00012817872629966587, 1.927265475387685e-05, 2.051197270702687e-06, 8.311395504279062e-05, 0.08804979920387268, 0.0001220570775330998]","[11.777156829833984, 78.3276138305664, 735.951171875, 18.16278648376465, 0.01714462786912918, 12.367828369140625]"
